<?xml version="1.0" encoding="UTF-8"?>
<!-- Created by bmadigan on October 28, 2002, 11:43 AM -->
<datasources>
	<datasource name="ASC X12" class="com.webdeninteractive.xbotts.Mapping.datasource.X12DataSource"/>
	<datasource name="Delimited" class="com.webdeninteractive.xbotts.Mapping.datasource.CSVDataSource"/>
	<datasource name="Edifact" class="com.webdeninteractive.xbotts.Mapping.datasource.EdifactDataSource"/>
	<datasource name="Fixed Width" class="com.webdeninteractive.xbotts.Mapping.datasource.FLFDataSource"/>
	<datasource name="Raw Data" class="com.webdeninteractive.xbotts.Mapping.datasource.BlobDataSource"/>
	<datasource name="XML" class="com.webdeninteractive.xbotts.Mapping.datasource.XMLDataSource"/>
	<datasource name="XSLT Stylesheet" class="com.webdeninteractive.xbotts.Mapping.datasource.XSLTDataSource"/>
	<datasource name="HL7" class="com.webdeninteractive.xbotts.Mapping.datasource.HL7DataSource" />
	<datasource name="LDIF" class="com.webdeninteractive.xbotts.Mapping.datasource.LDIFDataSource" />
      <datasource name="MS-Excel" class="com.webdeninteractive.xbotts.Mapping.datasource.ExcelDataSource" />
	<!--
    Add custom datasources here.
-->
</datasources>
