<?xml version="1.0" encoding="UTF-8"?>

<!-- Created by bmadigan on October 28, 2002, 11:43 AM -->

<extensions>
    <database>
        <extension class="com.webdeninteractive.xbotts.Mapping.macro.database.SQLGet" name="SQL Get"></extension>
    </database>
    <conditional>
	<extension class="com.webdeninteractive.xbotts.Mapping.macro.conditional.EvaluateBoolean" name="Evaluate Boolean"></extension>
        <extension class="com.webdeninteractive.xbotts.Mapping.macro.conditional.IfCondition" name="If Condition"></extension>
	<extension class="com.webdeninteractive.xbotts.Mapping.macro.conditional.UnlessCondition" name="Unless Condition"></extension>
    </conditional>
    <date>
         <extension class="com.webdeninteractive.xbotts.Mapping.macro.date.FormatDate" name="Convert date format"></extension>
         <extension class="com.webdeninteractive.xbotts.Mapping.macro.date.CurrentDateTime" name="Current date/time"></extension>
    </date>
    <general>
        <extension class="com.webdeninteractive.xbotts.Mapping.macro.general.Constant" name="Constant"></extension>
        <extension class="com.webdeninteractive.xbotts.Mapping.macro.general.Variable" name="Variable"></extension>
        <extension class="com.webdeninteractive.xbotts.Mapping.macro.general.IdGenerator" name="ID Generator"></extension>
        <extension class="com.webdeninteractive.xbotts.Mapping.macro.general.StaticIDGenerator" name="Auto Incrementor"></extension>
        <extension class="com.webdeninteractive.xbotts.Mapping.macro.general.SimpleFilter" name="Simple Filter"></extension>
    </general>
    <logical>
            <extension class="com.webdeninteractive.xbotts.Mapping.macro.logical.LogicalAndFunc" name="And"></extension>
            <extension class="com.webdeninteractive.xbotts.Mapping.macro.logical.LogicalOrFunc" name="Or"></extension>
            <extension class="com.webdeninteractive.xbotts.Mapping.macro.logical.LogicalXORFunc" name="XOR"></extension>
            <extension class="com.webdeninteractive.xbotts.Mapping.macro.logical.LogicalNotFunc" name="Not"></extension>
    </logical>
    <math>
        <extension class="com.webdeninteractive.xbotts.Mapping.macro.math.MathAbsFunc" name="Absolute Value"></extension>
        <extension class="com.webdeninteractive.xbotts.Mapping.macro.math.MathAddFunc" name="Addition"></extension>
        <extension class="com.webdeninteractive.xbotts.Mapping.macro.math.MathSubtractFunc" name="Subtraction"></extension>
        <extension class="com.webdeninteractive.xbotts.Mapping.macro.math.MathMultiplyFunc" name="Multiplication"></extension>
        <extension class="com.webdeninteractive.xbotts.Mapping.macro.math.MathDivideFunc" name="Division"></extension>
        <extension class="com.webdeninteractive.xbotts.Mapping.macro.math.MathDivideByFunc" name="Division By N"></extension>
        <extension class="com.webdeninteractive.xbotts.Mapping.macro.math.MathMaxFunc" name="Maximum Value"></extension>
        <extension class="com.webdeninteractive.xbotts.Mapping.macro.math.MathMinFunc" name="Minimum Value"></extension>
        <extension class="com.webdeninteractive.xbotts.Mapping.macro.math.MathModFunc" name="Modulus"></extension>
        <extension class="com.webdeninteractive.xbotts.Mapping.macro.math.MathRoundFunc" name="Round"></extension>
        <extension class="com.webdeninteractive.xbotts.Mapping.macro.math.MathSqrtFunc" name="Square Root"></extension>
        <extension class="com.webdeninteractive.xbotts.Mapping.macro.math.MathSumOfAllValues" name="Sum of a NodeList's numeric values"></extension>
    </math>
    <strings>
        <extension class="com.webdeninteractive.xbotts.Mapping.macro.strings.StringConcatFunc" name="Concatenation"></extension>
        <extension class="com.webdeninteractive.xbotts.Mapping.macro.strings.StringLowerCaseFunc" name="Change Case(lowercase)"></extension>
        <extension class="com.webdeninteractive.xbotts.Mapping.macro.strings.StringUpperCaseFunc" name="Change Case(UPPERCASE)"></extension>
        <extension class="com.webdeninteractive.xbotts.Mapping.macro.strings.StringUnionFunc" name="Union"></extension>
        <extension class="com.webdeninteractive.xbotts.Mapping.macro.strings.StringSubstringFunc" name="Find Sub-string"></extension>
        <extension class="com.webdeninteractive.xbotts.Mapping.macro.strings.StringTrimFunc" name="Trim"></extension>
        <extension class="com.webdeninteractive.xbotts.Mapping.macro.strings.StringReplaceFunc" name="Replace"></extension>
        <extension class="com.webdeninteractive.xbotts.Mapping.macro.strings.RegExFunc" name="Regular Expression"></extension>
        <extension class="com.webdeninteractive.xbotts.Mapping.macro.strings.SplitFunc" name="Split Function"></extension>
   	</strings>
    <units>
         <extension class="com.webdeninteractive.xbotts.Mapping.macro.units.FeetToInches" name="Convert Feet to Inches"></extension>
		<extension class="com.webdeninteractive.xbotts.Mapping.macro.units.CelsiusToFahrenheit" name="Convert Celsius to Fahrenheit"></extension>
         <extension class="com.webdeninteractive.xbotts.Mapping.macro.units.FahrenheitToCelsius" name="Convert Fahrenheit to Celsius"></extension>
         <extension class="com.webdeninteractive.xbotts.Mapping.macro.units.InchesToCentimeters" name="Convert Inches to Centimeters"></extension>
         <extension class="com.webdeninteractive.xbotts.Mapping.macro.units.CentimetersToInches" name="Convert Centimeters to Inches"></extension>
    </units>
    <xpath>
         <extension class="com.webdeninteractive.xbotts.Mapping.macro.xpath.NodeText" name="Get Node Text"></extension>
         <extension class="com.webdeninteractive.xbotts.Mapping.macro.xpath.EvalXPath" name="Eval XPath for String"></extension>
         <extension class="com.webdeninteractive.xbotts.Mapping.macro.xpath.XPathSelectNode" name="Eval XPath for Node"></extension>
         <extension class="com.webdeninteractive.xbotts.Mapping.macro.xpath.XPathSelectNodeList" name="Eval XPath for NodeList"></extension>
         <extension class="com.webdeninteractive.xbotts.Mapping.macro.xpath.Indexed" name="Get NodeList item by Index"></extension>
         <extension class="com.webdeninteractive.xbotts.Mapping.macro.xpath.NodeCount" name="Count Nodes"></extension>
         <extension class="com.webdeninteractive.xbotts.Mapping.macro.xpath.CountChildNodes" name="Count all Children"></extension>
         <extension class="com.webdeninteractive.xbotts.Mapping.macro.xpath.CountChildOccurence" name="Count Children by Name"></extension>
         <extension class="com.webdeninteractive.xbotts.Mapping.macro.xpath.Composite" name="Text Composite"></extension>
    </xpath>
</extensions>
