<?xml version="1.0" ?>
<!--
  Configuration for JMS queue management.
  See com.webdeninteractive.bie.commons.messagingJMSManagementConfig
-->
<jms-management-config xmlns="http://www.brunswickwdi.com/xmlns/jms-management-config">

  <!--
    If the "cache" attribute is "true", then this configuration should
    only be read once.  If "false", it should be read each each time
    an instance of JMSManagementConfig is created.
  -->
  <bpm-queues cache="false">

    <!-- DM MBean to use for creating queues -->
    <DestinationManager>
      jboss.mq:service=DestinationManager
    </DestinationManager>

    <!-- StateMgr MBean to use for manipulating users/roles -->
    <StateManager>jboss.mq:service=StateManager</StateManager>

    <!-- Base ObjectName to use for accessing queue MBeans -->
    <!-- This is appended with the service and queue name attributes -->
    <QueueMBeanNameBase>jboss.mq.destination</QueueMBeanNameBase>

    <!-- SecurityManager to use for dynamically created queues -->
    <SecurityManager>jboss.mq:service=SecurityManager</SecurityManager>

    <!-- Security configuration to use for dynamically created queues -->
    <SecurityConf>
      <security>
	<!-- role attributes: -->
	<!--  name: String = role name -->
	<!--  read: boolean = role may read from Q -->
	<!--  write: boolean = role may write to Q -->
	<!--  create: boolean = role may create durable subscriptions to Q -->
             <role name="Registered Users" read="true" write="true" create="false"/>
             <role name="Administrators" read="true" write="true" create="false"/>
      </security>
    </SecurityConf>

  </bpm-queues>

</jms-management-config>
